<?xml version="1.0" encoding="UTF-8"?>
<GenRun Id="synth_1" LaunchPart="xc7z020clg400-1" LaunchTime="1716035440" LaunchIncrCheckpoint="$PSRCDIR/utils_1/imports/synth_1/HBridge_Control.dcp">
  <File Type="PA-TCL" Name="SPI_SLAVE.tcl"/>
  <File Type="REPORTS-TCL" Name="SPI_SLAVE_reports.tcl"/>
  <File Type="RDS-RDS" Name="SPI_SLAVE.vds"/>
  <File Type="RDS-UTIL" Name="SPI_SLAVE_utilization_synth.rpt"/>
  <File Type="RDS-UTIL-PB" Name="SPI_SLAVE_utilization_synth.pb"/>
  <File Type="RDS-DCP" Name="SPI_SLAVE.dcp"/>
  <FileSet Name="sources" Type="DesignSrcs" RelSrcDir="$PSRCDIR/sources_1" RelGenDir="$PGENDIR/sources_1">
    <Filter Type="Srcs"/>
    <File Path="$PSRCDIR/sources_1/new/motor.vhd">
      <FileInfo>
        <Attr Name="ImportPath" Val="$PPRDIR/../../motor_test/motor_test.srcs/sources_1/new/motor.vhd"/>
        <Attr Name="ImportTime" Val="1716995596"/>
        <Attr Name="UsedIn" Val="synthesis"/>
        <Attr Name="UsedIn" Val="simulation"/>
      </FileInfo>
    </File>
    <Config>
      <Option Name="DesignMode" Val="RTL"/>
      <Option Name="TopModule" Val="SPI_SLAVE"/>
      <Option Name="TopAutoSet" Val="TRUE"/>
    </Config>
  </FileSet>
  <FileSet Name="constrs_in" Type="Constrs" RelSrcDir="$PSRCDIR/constrs_1" RelGenDir="$PGENDIR/constrs_1">
    <Filter Type="Constrs"/>
    <File Path="$PPRDIR/../PYNQ-Z2_v1.0.xdc">
      <FileInfo>
        <Attr Name="UsedIn" Val="synthesis"/>
        <Attr Name="UsedIn" Val="implementation"/>
      </FileInfo>
    </File>
    <Config>
      <Option Name="ConstrsType" Val="XDC"/>
    </Config>
  </FileSet>
  <FileSet Name="utils" Type="Utils" RelSrcDir="$PSRCDIR/utils_1" RelGenDir="$PGENDIR/utils_1">
    <Filter Type="Utils"/>
    <File Path="$PSRCDIR/utils_1/imports/synth_1/HBridge_Control.dcp">
      <FileInfo>
        <Attr Name="ImportPath" Val="$PPRDIR/../../motor_test/motor_test.srcs/utils_1/imports/synth_1/HBridge_Control.dcp"/>
        <Attr Name="ImportTime" Val="1716035440"/>
        <Attr Name="UsedIn" Val="synthesis"/>
        <Attr Name="UsedIn" Val="implementation"/>
        <Attr Name="UsedInSteps" Val="synth_1"/>
        <Attr Name="UsedInSteps" Val="synth_1_copy_1"/>
        <Attr Name="AutoDcp" Val="1"/>
      </FileInfo>
    </File>
    <Config>
      <Option Name="TopAutoSet" Val="TRUE"/>
    </Config>
  </FileSet>
  <Strategy Version="1" Minor="2">
    <StratHandle Name="Vivado Synthesis Defaults" Flow="Vivado Synthesis 2023"/>
    <Step Id="synth_design"/>
  </Strategy>
</GenRun>
