<?xml version="1.0" encoding="UTF-8"?>
<GenRun Id="impl_1" LaunchPart="xc7z020clg400-1" LaunchTime="1716035440">
  <File Type="ROUTE-PWR" Name="SPI_SLAVE_power_routed.rpt"/>
  <File Type="PA-TCL" Name="SPI_SLAVE.tcl"/>
  <File Type="ROUTE-PWR-SUM" Name="SPI_SLAVE_power_summary_routed.pb"/>
  <File Type="REPORTS-TCL" Name="SPI_SLAVE_reports.tcl"/>
  <File Type="BITSTR-MSK" Name="SPI_SLAVE.msk"/>
  <File Type="ROUTE-CLK" Name="SPI_SLAVE_clock_utilization_routed.rpt"/>
  <File Type="RDI-RDI" Name="SPI_SLAVE.vdi"/>
  <File Type="POSTROUTE-PHYSOPT-BUS-SKEW-PB" Name="SPI_SLAVE_bus_skew_postroute_physopted.pb"/>
  <File Type="BG-BIT" Name="SPI_SLAVE.bit"/>
  <File Type="BG-DRC" Name="SPI_SLAVE.drc"/>
  <File Type="BG-BGN" Name="SPI_SLAVE.bgn"/>
  <File Type="BG-BIN" Name="SPI_SLAVE.bin"/>
  <File Type="BITSTR-RBT" Name="SPI_SLAVE.rbt"/>
  <File Type="BITSTR-NKY" Name="SPI_SLAVE.nky"/>
  <File Type="BITSTR-BMM" Name="SPI_SLAVE_bd.bmm"/>
  <File Type="BITSTR-MMI" Name="SPI_SLAVE.mmi"/>
  <File Type="ROUTE-METHODOLOGY-DRC" Name="SPI_SLAVE_methodology_drc_routed.rpt"/>
  <File Type="BITSTR-SYSDEF" Name="SPI_SLAVE.sysdef"/>
  <File Type="BITSTR-LTX" Name="debug_nets.ltx"/>
  <File Type="BITSTR-LTX" Name="SPI_SLAVE.ltx"/>
  <File Type="WBT-USG" Name="usage_statistics_webtalk.html"/>
  <File Type="OPT-DRC" Name="SPI_SLAVE_drc_opted.rpt"/>
  <File Type="OPT-HWDEF" Name="SPI_SLAVE.hwdef"/>
  <File Type="PLACE-IO" Name="SPI_SLAVE_io_placed.rpt"/>
  <File Type="PLACE-UTIL" Name="SPI_SLAVE_utilization_placed.rpt"/>
  <File Type="PLACE-UTIL-PB" Name="SPI_SLAVE_utilization_placed.pb"/>
  <File Type="PLACE-CTRL" Name="SPI_SLAVE_control_sets_placed.rpt"/>
  <File Type="PLACE-PRE-SIMILARITY" Name="SPI_SLAVE_incremental_reuse_pre_placed.rpt"/>
  <File Type="ROUTE-DRC" Name="SPI_SLAVE_drc_routed.rpt"/>
  <File Type="ROUTE-DRC-PB" Name="SPI_SLAVE_drc_routed.pb"/>
  <File Type="ROUTE-PWR-RPX" Name="SPI_SLAVE_power_routed.rpx"/>
  <File Type="ROUTE-STATUS" Name="SPI_SLAVE_route_status.rpt"/>
  <File Type="ROUTE-STATUS-PB" Name="SPI_SLAVE_route_status.pb"/>
  <File Type="ROUTE-DCP" Name="SPI_SLAVE_routed.dcp"/>
  <File Type="ROUTE-ERROR-DCP" Name="SPI_SLAVE_routed_error.dcp"/>
  <File Type="ROUTE-BLACKBOX-DCP" Name="SPI_SLAVE_routed_bb.dcp"/>
  <File Type="ROUTE-TIMINGSUMMARY" Name="SPI_SLAVE_timing_summary_routed.rpt"/>
  <File Type="ROUTE-TIMING-PB" Name="SPI_SLAVE_timing_summary_routed.pb"/>
  <File Type="ROUTE-TIMING-RPX" Name="SPI_SLAVE_timing_summary_routed.rpx"/>
  <File Type="ROUTE-SIMILARITY" Name="SPI_SLAVE_incremental_reuse_routed.rpt"/>
  <File Type="ROUTE-BUS-SKEW" Name="SPI_SLAVE_bus_skew_routed.rpt"/>
  <File Type="ROUTE-BUS-SKEW-PB" Name="SPI_SLAVE_bus_skew_routed.pb"/>
  <File Type="ROUTE-BUS-SKEW-RPX" Name="SPI_SLAVE_bus_skew_routed.rpx"/>
  <File Type="OPT-DCP" Name="SPI_SLAVE_opt.dcp"/>
  <File Type="PLACE-DCP" Name="SPI_SLAVE_placed.dcp"/>
  <File Type="PWROPT-DCP" Name="SPI_SLAVE_pwropt.dcp"/>
  <File Type="POSTPLACE-PWROPT-DCP" Name="SPI_SLAVE_postplace_pwropt.dcp"/>
  <File Type="PHYSOPT-DCP" Name="SPI_SLAVE_physopt.dcp"/>
  <File Type="POSTROUTE-PHYSOPT-DCP" Name="SPI_SLAVE_postroute_physopt.dcp"/>
  <File Type="POSTROUTE-PHYSOPT-BLACKBOX-DCP" Name="SPI_SLAVE_postroute_physopt_bb.dcp"/>
  <File Type="POSTROUTE-PHYSOPT-TIMING" Name="SPI_SLAVE_timing_summary_postroute_physopted.rpt"/>
  <File Type="POSTROUTE-PHYSOPT-TIMING-PB" Name="SPI_SLAVE_timing_summary_postroute_physopted.pb"/>
  <File Type="POSTROUTE-PHYSOPT-TIMING-RPX" Name="SPI_SLAVE_timing_summary_postroute_physopted.rpx"/>
  <File Type="POSTROUTE-PHYSOPT-BUS-SKEW" Name="SPI_SLAVE_bus_skew_postroute_physopted.rpt"/>
  <File Type="POSTROUTE-PHYSOPT-BUS-SKEW-RPX" Name="SPI_SLAVE_bus_skew_postroute_physopted.rpx"/>
  <File Type="ROUTE-METHODOLOGY-DRC-PB" Name="SPI_SLAVE_methodology_drc_routed.pb"/>
  <File Type="ROUTE-DRC-RPX" Name="SPI_SLAVE_drc_routed.rpx"/>
  <File Type="ROUTE-METHODOLOGY-DRC-RPX" Name="SPI_SLAVE_methodology_drc_routed.rpx"/>
  <File Type="PDI-FILE" Name="SPI_SLAVE.pdi"/>
  <File Type="BOOT-PDI-FILE" Name="SPI_SLAVE_boot.pdi"/>
  <File Type="PL-PDI-FILE" Name="SPI_SLAVE_pld.pdi"/>
  <File Type="RCFI_FILE" Name="SPI_SLAVE.rcfi"/>
  <File Type="CFI_FILE" Name="SPI_SLAVE.cfi"/>
  <File Type="RNPI_FILE" Name="SPI_SLAVE.rnpi"/>
  <File Type="NPI_FILE" Name="SPI_SLAVE.npi"/>
  <File Type="RBD_FILE" Name="SPI_SLAVE.rbd"/>
  <File Type="ROUTE-RQS" Name="SPI_SLAVE_routed.rqs"/>
  <File Type="POSTROUTE-PHYSOPT-RQS" Name="SPI_SLAVE_postroute_physopted.rqs"/>
  <File Type="ROUTE-RQS-RPT" Name="route_report_qor_suggestions_0.rpt"/>
  <File Type="POSTROUTE-PHYSOPT-RQS-RPT" Name="postroute_physopt_report_qor_suggestions_0.rpt"/>
  <FileSet Name="sources" Type="DesignSrcs" RelSrcDir="$PSRCDIR/sources_1" RelGenDir="$PGENDIR/sources_1">
    <Filter Type="Srcs"/>
    <File Path="$PSRCDIR/sources_1/new/motor.vhd">
      <FileInfo>
        <Attr Name="ImportPath" Val="$PPRDIR/../../motor_test/motor_test.srcs/sources_1/new/motor.vhd"/>
        <Attr Name="ImportTime" Val="1716995596"/>
        <Attr Name="UsedIn" Val="synthesis"/>
        <Attr Name="UsedIn" Val="simulation"/>
      </FileInfo>
    </File>
    <Config>
      <Option Name="DesignMode" Val="RTL"/>
      <Option Name="TopModule" Val="SPI_SLAVE"/>
      <Option Name="TopAutoSet" Val="TRUE"/>
    </Config>
  </FileSet>
  <FileSet Name="constrs_in" Type="Constrs" RelSrcDir="$PSRCDIR/constrs_1" RelGenDir="$PGENDIR/constrs_1">
    <Filter Type="Constrs"/>
    <File Path="$PPRDIR/../PYNQ-Z2_v1.0.xdc">
      <FileInfo>
        <Attr Name="UsedIn" Val="synthesis"/>
        <Attr Name="UsedIn" Val="implementation"/>
      </FileInfo>
    </File>
    <Config>
      <Option Name="ConstrsType" Val="XDC"/>
    </Config>
  </FileSet>
  <FileSet Name="utils" Type="Utils" RelSrcDir="$PSRCDIR/utils_1" RelGenDir="$PGENDIR/utils_1">
    <Filter Type="Utils"/>
    <File Path="$PSRCDIR/utils_1/imports/synth_1/HBridge_Control.dcp">
      <FileInfo>
        <Attr Name="ImportPath" Val="$PPRDIR/../../motor_test/motor_test.srcs/utils_1/imports/synth_1/HBridge_Control.dcp"/>
        <Attr Name="ImportTime" Val="1716035440"/>
        <Attr Name="UsedIn" Val="synthesis"/>
        <Attr Name="UsedIn" Val="implementation"/>
        <Attr Name="UsedInSteps" Val="synth_1"/>
        <Attr Name="UsedInSteps" Val="synth_1_copy_1"/>
        <Attr Name="AutoDcp" Val="1"/>
      </FileInfo>
    </File>
    <Config>
      <Option Name="TopAutoSet" Val="TRUE"/>
    </Config>
  </FileSet>
  <Strategy Version="1" Minor="2">
    <StratHandle Name="Vivado Implementation Defaults" Flow="Vivado Implementation 2023"/>
    <Step Id="init_design"/>
    <Step Id="opt_design"/>
    <Step Id="power_opt_design"/>
    <Step Id="place_design"/>
    <Step Id="post_place_power_opt_design"/>
    <Step Id="phys_opt_design"/>
    <Step Id="route_design"/>
    <Step Id="post_route_phys_opt_design"/>
    <Step Id="write_bitstream"/>
    <Step Id="write_device_image"/>
  </Strategy>
</GenRun>
